business_name,address,phone_number,website
Decor by Christine Interior Decorating & Design,"2434 Taylorwood Drive, Oakville, ON L6H 0C8",647-849-3767,https://www.yellowpages.ca/gourl/46c5d9830d191540aa373da0c81b04716dc36c0c?redirect=http%3A%2F%2Fwww.decorbychristine.com%2F
Ebel Design Group,"31 Blue Ridge Cres, London, ON N6K 2W9",519-471-3235,https://www.yellowpages.ca/gourl/a98a2b91f70f698639cfb4c4f901c3ddf24a5aad?redirect=http%3A%2F%2Fwww.facebook.com%2F205349440040050
IBI Group,,,https://www.yellowpages.ca/gourl/37ac683e5a6a99b1e5a13922a4e2a6703b377691?redirect=http%3A%2F%2Fwww.ibigroup.com%2F
Silverbon Homes,"6058 Leeside Cres, Mississauga, ON L5M 5K6",416-688-9038,https://www.yellowpages.ca/gourl/ea1df6b625defd5ed3764992492c5a1db21a8476?redirect=http%3A%2F%2Fsilverbonhomes.com%2F
360 Interiors Inc,"200-55 Village Centre Place, Mississauga, ON L4Z 1V9",647-503-1041,
Preteinteriors,"Mississauga, ON L4W 3E5",647-207-7738,
GABOR Studio,,416-432-8364,https://www.yellowpages.ca/gourl/52502eb75f907f9d14bd2488f2beae773ca01623?redirect=http%3A%2F%2Fgaborstudio.com%2F
Design Savvy,"Dundas, ON",905-609-0841,https://www.yellowpages.ca/gourl/21b7688865046a8a06093ae061f94c9f01ff6db6?redirect=https%3A%2F%2Fwww.designsavvy.ca%2F
Pottruff Designs,"1348 Playford Rd, Mississauga, ON L5J 3V7",905-822-2310,https://www.yellowpages.ca/gourl/396b7775e113d255d06e0f68516b34988c8659cb?redirect=http%3A%2F%2Fwww.facebook.com%2F195965934553877
Design Coach,"1070 Halliday Ave, Mississauga, ON L5E 1P9",647-495-9850,https://www.yellowpages.ca/gourl/e1768dfdfeb15f0039ca75dd4a74b7b9f57b5b54?redirect=http%3A%2F%2Fwww.facebook.com%2F122084491915258
Decorating Den,"1440 Ravensmoor Cres, Mississauga, ON L5M 3L2",905-858-7661,https://www.yellowpages.ca/gourl/4bc9d26dd34c7d1495881ea8aed42dd5fc11f5fc?redirect=http%3A%2F%2Fwww.facebook.com%2F157245348369838
Neat Baby,"1185 Dundas St E, Mississauga, ON L4Y 2C6",905-803-9689,https://www.yellowpages.ca/gourl/a77c9c10764f7e3ee2ca4e3fd3c9098708625d6b?redirect=http%3A%2F%2Fwww.facebook.com%2F723570344699477
Artisan Steelworks,"3-290 Traders Blvd E, Mississauga, ON L4Z 1W7",416-890-9349,https://www.yellowpages.ca/gourl/acf37138d43a8a494ce60a53bc1f5f56f2276dac?redirect=http%3A%2F%2Fwww.facebook.com%2F546993938730205
Venstar Corp.,"1072 Caldwell Ave, Mississauga, ON L5H 1Z4",905-271-6211,https://www.yellowpages.ca/gourl/982f1d3e9a8da1f688febcbbad089999471bf7ed?redirect=http%3A%2F%2Fwww.facebook.com%2F429022130846717
Lionsgate Design,"1250 Queen Victoria Ave, Mississauga, ON L5H 3H3",905-271-1115,https://www.yellowpages.ca/gourl/96cf5210b197fabd476e09833a039a661d6c0537?redirect=http%3A%2F%2Flionsgatedesign.ca%2F
Elegant Changes,"885 Lakeshore Rd E, Mississauga, ON L5E 1E2",905-891-5347,https://www.yellowpages.ca/gourl/58caf82a6504b884953ad9354783e914cdda8c6c?redirect=http%3A%2F%2Fwww.elegantchanges.com%2F
Memar Architects,"3908 Quiet Creek Dr, Mississauga, ON L5M 8B5",905-567-1258,https://www.yellowpages.ca/gourl/281d7168c0f2c86cc7ba1f341cd2b67e158f5fb1?redirect=http%3A%2F%2Fwww.memardesign.com%2F
Avalon Interiors,"7030 Copenhagen Rd, Mississauga, ON L5N 2P3",905-821-9654,https://www.yellowpages.ca/gourl/19e27fa1cb5c4f8862f6582118e7050c8853c614?redirect=http%3A%2F%2Fwww.facebook.com%2F116124532448786
Memar Architects,"Mississauga, ON L5M 8B4",905-567-1258,https://www.yellowpages.ca/gourl/281d7168c0f2c86cc7ba1f341cd2b67e158f5fb1?redirect=http%3A%2F%2Fwww.memardesign.com%2F
Cox Ciccone,"79-20 Mineola Rd E, Mississauga, ON L5G 4N9",905-891-3875,
Design Excellence,"8-964 Westport Cres, Mississauga, ON L5T 1S3",416-347-2606,
Artisan Marble,"4105 Pheasant Run, Mississauga, ON L5L 2C2",416-831-8631,
Sunset Interiors,"Mississauga, ON",416-400-5014,
Tracy Interiors,,905-814-9431,
Elite Painting,,416-356-5830,
Pycorest Interior,,905-462-1776,
Interior Illusions Inc,"Mississauga, ON L5N 2V2",905-858-4008,https://www.yellowpages.ca/gourl/eb2a30ff7c84cde2184d37aa546893b54461fb67?redirect=http%3A%2F%2Fwww.interiorillusionsinc.ca%2F
The Designer Girls,,647-979-8712,https://www.yellowpages.ca/gourl/06ca78c77cdd9db21de5320cadb5b627825cf60f?redirect=http%3A%2F%2Fthedesignergirls.com%2F
Interior Decor Inc,"330 Britannia Rd E, Mississauga, ON L4Z 1X9",905-501-7779,https://www.yellowpages.ca/gourl/f19535ccdecdda6b04affd5b7c14dbc3948a17da?redirect=http%3A%2F%2Fcidinc.net%2F
Knapp Associates Design,"6553 Mississauga Rd N, Mississauga, ON L5N 1A6",905-567-9087,https://www.yellowpages.ca/gourl/41d3c739bdb5bfb42aefabc79e400aa7ec7af8eb?redirect=http%3A%2F%2Fwww.facebook.com%2F224496594575717
The Design Room,,905-849-4428,https://www.yellowpages.ca/gourl/c39fecc2405a99ea6b65ebdca3e73cccd1ed962f?redirect=http%3A%2F%2Fwww.designroomgta.com%2F
Marsun Technologies Inc,"3695 Kaneff Cres, Mississauga, ON L5A 4B6",905-272-8911,https://www.yellowpages.ca/gourl/15080cb9eb01a25828e8270b2a8d039d37003aaa?redirect=http%3A%2F%2Fwww.facebook.com%2F1005435576160817
The Planning House,"6290 Danville Rd, Mississauga, ON L5T 2H7",905-564-9574,https://www.yellowpages.ca/gourl/ae34ec6a079141564784d351223225c5e23770a0?redirect=http%3A%2F%2Fwww.houseplans.com%2F
Expertise Interior Design,"2425 Matheson Blvd E, Mississauga, ON L4W 5K4",289-640-1510,https://www.yellowpages.ca/gourl/6efa92f913b19ff619873bbff93487fbceea05b0?redirect=http%3A%2F%2Fexpertiseinteriordesign.com%2F
"Michael Kolesar, Designer",,905-823-3735,https://www.yellowpages.ca/gourl/ad0ad0e0009039ea7e6887450e5beef3b3b23604?redirect=http%3A%2F%2Fwww.kolesardesign.com%2F
Logic Interiors Ltd,"3151 Wolfedale Rd, Mississauga, ON L5C 1V8",905-275-3586,https://www.yellowpages.ca/gourl/1b4f8a43ab667f4b9896677bd183e093ad935168?redirect=http%3A%2F%2Fwww.facebook.com%2F346337462500037
Air Design Systems,"332 Wallenberg Cres, Mississauga, ON L5B 3M8",289-521-3305,https://www.yellowpages.ca/gourl/d14d8bf85f87b267d32c700eea6959c855b292b8?redirect=http%3A%2F%2Fwww.facebook.com%2F603889016444738
Simply Trends Inc,"1025 Sawgrass Cres, Mississauga, ON L5C 3V2",905-848-0077,https://www.yellowpages.ca/gourl/95523ada6753587d7ed6fed253bd1d46d761bc73?redirect=http%3A%2F%2Fwww.simplytrends.com%2F
Marshia's Interiors,"1017 Runningbrook Dr, Mississauga, ON L4Y 2T1",905-848-5908,https://www.yellowpages.ca/gourl/074048ce5550cad0a326c2181c476d97e891ef4b?redirect=http%3A%2F%2Fwww.facebook.com%2F199474606729306
Mdr Design Consultants,"3210 Wharton Way, Mississauga, ON L4X 2C1",905-629-9660,https://www.yellowpages.ca/gourl/2add08c6e8bf2791e87f5891aecf1bd02fb0a868?redirect=http%3A%2F%2Fwww.facebook.com%2F777615142447314
Lucas Interior Designers,"8-2111 Dunwin Dr, Mississauga, ON L5L 3C1",905-369-0638,https://www.yellowpages.ca/gourl/3f880453b68248131024b987632fcb235ccfeaa2?redirect=http%3A%2F%2Fwww.emersongroup.com%2F
Home Envision Inc,"7-6110 Ordan Dr, Mississauga, ON L5T 2B4",905-461-9563,https://www.yellowpages.ca/gourl/ea1df6b625defd5ed3764992492c5a1db21a8476?redirect=http%3A%2F%2Fsilverbonhomes.com%2F
Portico Design Ltd,"6520 Gottardo Crt, Mississauga, ON L5T 2A2",905-670-8812,https://www.yellowpages.ca/gourl/f25f9365377ca0ea4bf3485f6565ac5895112d99?redirect=http%3A%2F%2Fwww.facebook.com%2F861495767311015
Comley Van Brussell,"101-2600 Skymark avenue, Mississauga, ON L4W 5B2",416-621-7745,https://www.yellowpages.ca/gourl/cff1571194ee9c739dd777dc712ddeaf8c983372?redirect=http%3A%2F%2Fwww.comleyvanbrussel.com%2F
Saas Interior Designs,"Mississauga, ON L5B 4N2",905-896-2610,https://www.yellowpages.ca/gourl/c4124b7391889033ef454b968001012a013bbd83?redirect=http%3A%2F%2Fwww.facebook.com%2F55240
Flate Interior Design,"100 City Centre Dr, Mississauga, ON L5B 2C9",905-487-8525,
Interior Design Partners,"1030 Kamato Rd, Mississauga, ON L4W 4B6",905-282-0990,
TZ Interiors Inc,,647-567-0485,
Creative Haus Designs,"21-720 Burnhamthorpe Rd W, Mississauga, ON L5C 3G1",289-724-0587,
Creative Haus Designs,"21-720 Burnhamthorpe Rd W, Mississauga, ON L5C 3G1",289-812-6013,
Interior Designer.Solution,"2115-55 Strathaven Dr, Mississauga, ON L5R 4G9",416-898-5812,
Cas Interiors Inc,"755 Queensway E, Mississauga, ON L4Y 4C5",905-272-0483,
The Planning House,"6290 Danville Rd, Mississauga, ON L5T 2H7",905-564-9573,
Frendel Kitchens Limited,"1350 Shawson Dr, Mississauga, ON L4W 1C5",1-800-641-1201,
Glamorous Interiors Inc,"6645 Tomken Rd, Mississauga, ON L5T 2C3",905-670-5145,
Glamorous Interiors Inc,"6645 Tomken Rd, Mississauga, ON L5T 2C3",905-670-1060,
Jake's Interiors,,647-869-7774,
Allurano Designers Ltd,,905-922-5896,
Bosnikoff Design Incorporated,,905-462-6111,
Intermatrix Corporate Interiors,,,
Glaring Interior Design,,905-581-4493,
Micheal Lambie Interiors,,289-232-0336,
Designs By Dina,,905-781-7811,
Danica Tavares Interiors,,905-301-7372,
Darlington Group Interiors,,905-820-6149,
Schram Reginald R ARIDO,"5310 Explorer Dr, Mississauga, ON L4W 5H8",905-624-8964,https://www.yellowpages.ca/gourl/201b2e3720ec4c469e1f4f4fbe7afbc273af2767?redirect=http%3A%2F%2Fwww.facebook.com%2F229092104352415
Rama Staging and Design,"930 Cardington St, Mississauga, ON L5V 1Z8",647-890-2559,https://www.yellowpages.ca/gourl/25b73ff9eff3f34eedab49176404f512969493d0?redirect=http%3A%2F%2Fwww.facebook.com%2Fpages%2FRama-Staging-and-Design%2F236566383181491
Jacqueline Glass And Associates,"210-2359 Royal Windsor Dr, Mississauga, ON L5J 4S8",905-823-3008,https://www.yellowpages.ca/gourl/a3f321a28d7e01da803e41c0f906d9ec28a7f519?redirect=http%3A%2F%2Fwww.jglassandassociates.com%2F
Takasho North America Inc,"2355 Derry Rd E, Mississauga, ON L5S 1V6",905-678-9063,https://www.yellowpages.ca/gourl/be45e9a9453a7aa338371ab5eaed4a92a7fc7d95?redirect=http%3A%2F%2Fwww.facebook.com%2F172170263377434
Parabliss Interior Design Consultation,,905-802-1488,https://www.yellowpages.ca/gourl/e0ebac4d5446888ffdc95b314c71f982eee8dfd5?redirect=http%3A%2F%2Fwww.facebook.com%2F161601734363352
Decor by Christine Interior Decorating & Design,"2434 Taylorwood Drive, Oakville, ON L6H 0C8",647-849-3767,https://www.yellowpages.ca/gourl/46c5d9830d191540aa373da0c81b04716dc36c0c?redirect=http%3A%2F%2Fwww.decorbychristine.com%2F
Ebel Design Group,"31 Blue Ridge Cres, London, ON N6K 2W9",519-471-3235,https://www.yellowpages.ca/gourl/a98a2b91f70f698639cfb4c4f901c3ddf24a5aad?redirect=http%3A%2F%2Fwww.facebook.com%2F205349440040050
IBI Group,,,https://www.yellowpages.ca/gourl/37ac683e5a6a99b1e5a13922a4e2a6703b377691?redirect=http%3A%2F%2Fwww.ibigroup.com%2F
Silverbon Homes,"6058 Leeside Cres, Mississauga, ON L5M 5K6",416-688-9038,https://www.yellowpages.ca/gourl/ea1df6b625defd5ed3764992492c5a1db21a8476?redirect=http%3A%2F%2Fsilverbonhomes.com%2F
360 Interiors Inc,"200-55 Village Centre Place, Mississauga, ON L4Z 1V9",647-503-1041,
Preteinteriors,"Mississauga, ON L4W 3E5",647-207-7738,
GABOR Studio,,416-432-8364,https://www.yellowpages.ca/gourl/52502eb75f907f9d14bd2488f2beae773ca01623?redirect=http%3A%2F%2Fgaborstudio.com%2F
Design Savvy,"Dundas, ON",905-609-0841,https://www.yellowpages.ca/gourl/21b7688865046a8a06093ae061f94c9f01ff6db6?redirect=https%3A%2F%2Fwww.designsavvy.ca%2F
Pottruff Designs,"1348 Playford Rd, Mississauga, ON L5J 3V7",905-822-2310,https://www.yellowpages.ca/gourl/396b7775e113d255d06e0f68516b34988c8659cb?redirect=http%3A%2F%2Fwww.facebook.com%2F195965934553877
Design Coach,"1070 Halliday Ave, Mississauga, ON L5E 1P9",647-495-9850,https://www.yellowpages.ca/gourl/e1768dfdfeb15f0039ca75dd4a74b7b9f57b5b54?redirect=http%3A%2F%2Fwww.facebook.com%2F122084491915258
Decorating Den,"1440 Ravensmoor Cres, Mississauga, ON L5M 3L2",905-858-7661,https://www.yellowpages.ca/gourl/4bc9d26dd34c7d1495881ea8aed42dd5fc11f5fc?redirect=http%3A%2F%2Fwww.facebook.com%2F157245348369838
Neat Baby,"1185 Dundas St E, Mississauga, ON L4Y 2C6",905-803-9689,https://www.yellowpages.ca/gourl/a77c9c10764f7e3ee2ca4e3fd3c9098708625d6b?redirect=http%3A%2F%2Fwww.facebook.com%2F723570344699477
Artisan Steelworks,"3-290 Traders Blvd E, Mississauga, ON L4Z 1W7",416-890-9349,https://www.yellowpages.ca/gourl/acf37138d43a8a494ce60a53bc1f5f56f2276dac?redirect=http%3A%2F%2Fwww.facebook.com%2F546993938730205
Venstar Corp.,"1072 Caldwell Ave, Mississauga, ON L5H 1Z4",905-271-6211,https://www.yellowpages.ca/gourl/982f1d3e9a8da1f688febcbbad089999471bf7ed?redirect=http%3A%2F%2Fwww.facebook.com%2F429022130846717
Lionsgate Design,"1250 Queen Victoria Ave, Mississauga, ON L5H 3H3",905-271-1115,https://www.yellowpages.ca/gourl/96cf5210b197fabd476e09833a039a661d6c0537?redirect=http%3A%2F%2Flionsgatedesign.ca%2F
Elegant Changes,"885 Lakeshore Rd E, Mississauga, ON L5E 1E2",905-891-5347,https://www.yellowpages.ca/gourl/58caf82a6504b884953ad9354783e914cdda8c6c?redirect=http%3A%2F%2Fwww.elegantchanges.com%2F
Memar Architects,"3908 Quiet Creek Dr, Mississauga, ON L5M 8B5",905-567-1258,https://www.yellowpages.ca/gourl/281d7168c0f2c86cc7ba1f341cd2b67e158f5fb1?redirect=http%3A%2F%2Fwww.memardesign.com%2F
Avalon Interiors,"7030 Copenhagen Rd, Mississauga, ON L5N 2P3",905-821-9654,https://www.yellowpages.ca/gourl/19e27fa1cb5c4f8862f6582118e7050c8853c614?redirect=http%3A%2F%2Fwww.facebook.com%2F116124532448786
Memar Architects,"Mississauga, ON L5M 8B4",905-567-1258,https://www.yellowpages.ca/gourl/281d7168c0f2c86cc7ba1f341cd2b67e158f5fb1?redirect=http%3A%2F%2Fwww.memardesign.com%2F
Cox Ciccone,"79-20 Mineola Rd E, Mississauga, ON L5G 4N9",905-891-3875,
Design Excellence,"8-964 Westport Cres, Mississauga, ON L5T 1S3",416-347-2606,
Artisan Marble,"4105 Pheasant Run, Mississauga, ON L5L 2C2",416-831-8631,
Sunset Interiors,"Mississauga, ON",416-400-5014,
Tracy Interiors,,905-814-9431,
Elite Painting,,416-356-5830,
Pycorest Interior,,905-462-1776,
Interior Illusions Inc,"Mississauga, ON L5N 2V2",905-858-4008,https://www.yellowpages.ca/gourl/eb2a30ff7c84cde2184d37aa546893b54461fb67?redirect=http%3A%2F%2Fwww.interiorillusionsinc.ca%2F
The Designer Girls,,647-979-8712,https://www.yellowpages.ca/gourl/06ca78c77cdd9db21de5320cadb5b627825cf60f?redirect=http%3A%2F%2Fthedesignergirls.com%2F
Interior Decor Inc,"330 Britannia Rd E, Mississauga, ON L4Z 1X9",905-501-7779,https://www.yellowpages.ca/gourl/f19535ccdecdda6b04affd5b7c14dbc3948a17da?redirect=http%3A%2F%2Fcidinc.net%2F
Knapp Associates Design,"6553 Mississauga Rd N, Mississauga, ON L5N 1A6",905-567-9087,https://www.yellowpages.ca/gourl/41d3c739bdb5bfb42aefabc79e400aa7ec7af8eb?redirect=http%3A%2F%2Fwww.facebook.com%2F224496594575717
The Design Room,,905-849-4428,https://www.yellowpages.ca/gourl/c39fecc2405a99ea6b65ebdca3e73cccd1ed962f?redirect=http%3A%2F%2Fwww.designroomgta.com%2F
Marsun Technologies Inc,"3695 Kaneff Cres, Mississauga, ON L5A 4B6",905-272-8911,https://www.yellowpages.ca/gourl/15080cb9eb01a25828e8270b2a8d039d37003aaa?redirect=http%3A%2F%2Fwww.facebook.com%2F1005435576160817
The Planning House,"6290 Danville Rd, Mississauga, ON L5T 2H7",905-564-9574,https://www.yellowpages.ca/gourl/ae34ec6a079141564784d351223225c5e23770a0?redirect=http%3A%2F%2Fwww.houseplans.com%2F
Expertise Interior Design,"2425 Matheson Blvd E, Mississauga, ON L4W 5K4",289-640-1510,https://www.yellowpages.ca/gourl/6efa92f913b19ff619873bbff93487fbceea05b0?redirect=http%3A%2F%2Fexpertiseinteriordesign.com%2F
"Michael Kolesar, Designer",,905-823-3735,https://www.yellowpages.ca/gourl/ad0ad0e0009039ea7e6887450e5beef3b3b23604?redirect=http%3A%2F%2Fwww.kolesardesign.com%2F
